name	email	phone
"Рамзес"	"ramzes@mail.ru"	"8-919-729-88-34"
"Мария"	"mariamail.ru"	"8-919-123-12-27 8484 68 6 6 1464"
"Виктория"	"victoria@mail.ru"	"8-916-347-61-58"
"Нина"	"nina@mail.ru"	"8 (906) 006-51-38"
"Юля"	"yulia@mail.ru"	"8-918-646-58-24"
"Абрам"	"qwerty1@mail.ru"	"8-919-123-12-11"
"Аваз"	"qwerty2@mail.ru"	"8-919-123-12-12"
"Август"	"qwerty3@mail.ru"	"8-919-123-12-13"
"Авдей"	"qwerty4@mail.ru"	"8-919-123-12-14"
"Автандил"	"qwerty5@mail.ru"	"8-919-123-12-15"
"Адам"	"qwerty6@mail.ru"	"8-919-123-12-16"
"Адис"	"qwerty7@mail.ru"	"8-919-123-12-27 8484 68 6 6 1464"
"Адольф"	"qwerty8@mail.ru"	"8-919-123-12-18"
"Адриан"	"qwerty9@mail.ru"	"8-919-123-12-19"
"Азарий"	"qwerty10@mail.ru"	"8-919-123-12-20"
"Аким"	"qwerty11@mail.ru"	"8-919-123-12-21"
"Алан"	"qwerty12@mail.ru"	"8-919-123-12-22"
"Александр"	"qwerty13@mail.ru"	"8-919-123-12-23"
"Алексей"	"qwerty14@mail.ru"	"8-919-123-12-24"
"Альберт"	"qwerty15@mail.ru"	"8-919-123-12-25"
"Альфред"	"qwerty16@mail.ru"	"8-919-123-12-26"
"Амадей"	"qwerty17@mail.ru"	"8-919-123-12-27 8484 68 6 6 1464"
"Амадеус"	"qwerty18@mail.ru"	"8-919-123-12-28"
"Амаяк"	"qwerty19@mail.ru"	"8-919-123-12-29"
"Анатолий"	"qwerty20@mail.ru"	"8-919-123-12-30"
"Ангел"	"qwerty21@mail.ru"	"8-919-123-12-31"
"Андоим"	"qwerty22@mail.ru"	"8-919-123-12-32"
"Андрей"	"qwerty23@mail.ru"	"8-919-123-12-33"
"Аникита"	"qwerty24@mail.ru"	"8-919-123-12-34"
"Антон"	"qwerty25@mail.ru"	"8-919-123-12-35"
"Ануфрий"	"qwerty26@mail.ru"	"8-919-123-12-36"
"Арам"	"qwerty27@mail.ru"	"8-919-123-12-37"
"Арий"	"qwerty28@mail.ru"	"8-919-123-12-38"
"Аристарх"	"qwerty29@mail.ru"	"8-919-123-12-39"
"Аркадий"	"qwerty30@mail.ru"	"8-919-123-12-40"
"Арно"	"qwerty31@mail.ru"	"8-919-123-12-41"
"Арнольд"	"qwerty32@mail.ru"	"8-919-123-12-42"
"Арон"	"qwerty33@mail.ru"	"8-919-123-12-43"
"Арсен"	"qwerty34@mail.ru"	"8-919-123-12-44"
"Артем"	"qwerty35@mail.ru"	"8-919-123-12-45"
"Артемий"	"qwerty36@mail.ru"	"8-919-123-12-46"
"Артур"	"qwerty37@mail.ru"	"8-919-123-12-47"
"Архип"	"qwerty38@mail.ru"	"8-919-123-12-48"
"Аскольд"	"qwerty39@mail.ru"	"8-919-123-12-49"
"Афанасий"	"qwerty40@mail.ru"	"8-919-123-12-50"
"Ахмет"	"qwerty41@mail.ru"	"8-919-123-12-51"
"Ашот"	"qwerty42@mail.ru"	"8-919-123-12-52"
"Бежен"	"qwerty43@mail.ru"	"8-919-123-12-53"
"Бенедикт"	"qwerty44@mail.ru"	"8-919-123-12-54"
"Берек"	"qwerty45@mail.ru"	"8-919-123-12-55"
"Бернар"	"qwerty46@mail.ru"	"8-919-123-12-56"
"Богдан"	"qwerty47@mail.ru"	"8-919-123-12-57"
"Боголюб"	"qwerty48@mail.ru"	"8-919-123-12-58"
"Болеслав"	"qwerty49@mail.ru"	"8-919-123-12-59"
"Бонифаций"	"qwerty50@mail.ru"	"8-919-123-12-60"
"Борис"	"qwerty51@mail.ru"	"8-919-123-12-61"
"Борислав"	"qwerty52@mail.ru"	"8-919-123-12-62"
"Боян"	"qwerty53@mail.ru"	"8-919-123-12-63"
"Бронислав"	"qwerty54@mail.ru"	"8-919-123-12-64"
"Бруно"	"qwerty55@mail.ru"	"8-919-123-12-65"
"Вадим"	"qwerty56@mail.ru"	"8-919-123-12-66"
"Валентин"	"qwerty57@mail.ru"	"8-919-123-12-67"
"Валерий"	"qwerty58@mail.ru"	"8-919-123-12-68"
"Вальтер"	"qwerty59@mail.ru"	"8-919-123-12-69"
"Василий"	"qwerty60@mail.ru"	"8-919-123-12-70"
"Велизар"	"qwerty61@mail.ru"	"8-919-123-12-71"
"Венедикт"	"qwerty62@mail.ru"	"8-919-123-12-72"
"Вениамин"	"qwerty63@mail.ru"	"8-919-123-12-73"
"Виктор"	"qwerty64@mail.ru"	"8-919-123-12-74"
"Вилен"	"qwerty65@mail.ru"	"8-919-123-12-75"
"Вилли"	"qwerty66@mail.ru"	"8-919-123-12-76"
"Вильгельм"	"qwerty67@mail.ru"	"8-919-123-12-77"
"Виссарион"	"qwerty68@mail.ru"	"8-919-123-12-78"
"Виталий"	"qwerty69@mail.ru"	"8-919-123-12-79"
"Витаутас"	"qwerty70@mail.ru"	"8-919-123-12-80"
"Витольд"	"qwerty71@mail.ru"	"8-919-123-12-81"
"Владимир"	"qwerty72@mail.ru"	"8-919-123-12-82"
"Владислав"	"qwerty73@mail.ru"	"8-919-123-12-83"
"Владлен"	"qwerty74@mail.ru"	"8-919-123-12-84"
"Володар"	"qwerty75@mail.ru"	"8-919-123-12-85"
"Вольдемар"	"qwerty76@mail.ru"	"8-919-123-12-86"
"Всеволод"	"qwerty77@mail.ru"	"8-919-123-12-87"
"Вячеслав"	"qwerty78@mail.ru"	"8-919-123-12-88"
"Гавриил"	"qwerty79@mail.ru"	"8-919-123-12-89"
"Гарри"	"qwerty80@mail.ru"	"8-919-123-12-90"
"Гастон"	"qwerty81@mail.ru"	"8-919-123-12-91"
"Геннадий"	"qwerty82@mail.ru"	"8-919-123-12-92"
"Генрих"	"qwerty83@mail.ru"	"8-919-123-12-93"
"Георгий"	"qwerty84@mail.ru"	"8-919-123-12-94"
"Геральд"	"qwerty85@mail.ru"	"8-919-123-12-95"
"Герасим"	"qwerty86@mail.ru"	"8-919-123-12-96"
"Герман"	"qwerty87@mail.ru"	"8-919-123-12-97"
"Глеб"	"qwerty88@mail.ru"	"8-919-123-12-98"
"Гордей"	"qwerty89@mail.ru"	"8-919-123-12-99"
"Гордон"	"qwerty90@mail.ru"	"8-919-123-12-100"
"Градимир"	"qwerty91@mail.ru"	"8-919-123-12-101"
"Григорий"	"qwerty92@mail.ru"	"8-919-123-12-102"
"Гурий"	"qwerty93@mail.ru"	"8-919-123-12-103"